{
  "IcoMoonType": "selection",
  "icons": [
    {
      "icon": {
        "paths": [
          "M1489.333 19.333l853.333 492.672-853.333 492.672v-407.339h-1365.333c-47.128 0-85.333-38.205-85.333-85.333s38.205-85.333 85.333-85.333h1365.333v-407.339z"
        ],
        "attrs": [],
        "width": 2389,
        "grid": 0,
        "tags": [
          "arrow"
        ]
      },
      "attrs": [],
      "properties": {
        "order": 2,
        "id": 0,
        "name": "arrow",
        "prevSize": 32,
        "code": 59648
      },
      "setIdx": 0,
      "setId": 0,
      "iconIdx": 1
    }
  ],
  "height": 1024,
  "metadata": {
    "name": "icomoon"
  },
  "preferences": {
    "showGlyphs": true,
    "showCodes": true,
    "showQuickUse": true,
    "showQuickUse2": true,
    "showSVGs": true,
    "fontPref": {
      "prefix": "icon-",
      "metadata": {
        "fontFamily": "icomoon"
      },
      "metrics": {
        "emSize": 1024,
        "baseline": 6.25,
        "whitespace": 50
      }
    },
    "imagePref": {
      "prefix": "icon-",
      "png": true,
      "useClassSelector": true,
      "color": 0,
      "bgColor": 16777215,
      "classSelector": ".icon",
      "height": 32,
      "columns": 16,
      "margin": 16
    },
    "historySize": 50
  }
}